Actions,id,name,age,adult,birth date,eyeColor,iban
unchecked,5cd9307025f4f0572995990f,Hunt Valdez,2,unchecked,"Jun 2, 2017 11:22 AM",green,
unchecked,5cd93070d21a6d52114fe3ef,Oneil Osborn,75,checked,"Dec 8, 1944 4:35 AM",brown,FR9436905982392049415972699
unchecked,5cd930706cc8e22cc8480149,Pennington Robinson,54,checked,"Feb 12, 1965 6:38 PM",brown,
unchecked,5cd93070f3acebc532d2a1eb,Durham Prince,88,checked,,brown,LU808385215907579378
unchecked,5cd93070cb5adea1913e45bb,Meadows Stark,39,checked,"Jul 25, 1980 8:29 AM",green,LU273045010440797850
unchecked,5cd93070977cc4d3fbda6f8f,Walsh Duke,22,checked,"Apr 28, 1997 10:07 AM",green,FR8679727098719082693394826
unchecked,5cd930704a7c260884f5b296,Kathleen Davenport,30,checked,,green,LU002147421603588718
unchecked,5cd930705c76585ebd55b974,Hodges Vaughan,96,checked,"Feb 19, 1923 3:04 PM",green,FR8058367263864847703993309
unchecked,5cd9307003f57757d15de45a,Marjorie Pitts,43,checked,"May 12, 1976 7:20 PM",blue,LU175152348739412199
unchecked,5cd930707191a32b78178e92,Myra Wilkinson,32,checked,"Oct 4, 1987 1:26 AM",blue,LU623639666928889047
unchecked,5cd9307069193b1585585016,Nora Spencer,25,checked,"Jun 12, 1994 4:29 PM",blue,FR7068136421658329007564624
unchecked,5cd93070be09d703e3076774,Penelope Weiss,68,checked,"Dec 1, 1951 10:38 AM",brown,LU920208807566381854
unchecked,5cd93070c443d6450fb958a9,Kristina Kramer,96,checked,"Aug 10, 1923 5:26 AM",brown,
unchecked,5cd93070581462e68e5511da,Debbie Schultz,70,checked,"Feb 16, 1949 11:15 PM",,
unchecked,5cd93070c70b7af2500a295d,Michael Hall,62,checked,"Dec 11, 1957 12:50 PM",,LU959608490465421136
unchecked,5cd9307065d8f098f56c7d58,Slater Giles,98,checked,,brown,FR7407863042381960672579371
unchecked,5cd930702004450983d3325f,Young Phelps,81,checked,"Apr 12, 1938 10:21 PM",,
unchecked,5cd930706d10450b76cf7195,Mcdonald Merrill,9,unchecked,"Dec 5, 2010 2:17 AM",,LU958550652853109453
unchecked,5cd93070f2a5311d513f3922,Lindsey Vance,96,checked,,brown,LU032029638594257192
unchecked,5cd93070605fcd9a4fc6ba18,Alfreda Raymond,64,checked,"Oct 21, 1955 2:41 AM",blue,FR4238783540825135266170485
unchecked,5cd930709192f26ca565e19f,Webster Moses,53,checked,,,
unchecked,5cd93070de65a30cd6e6a08f,Mann Byrd,50,checked,"Jun 13, 1969 6:23 PM",,FR4258963149474100204663982
unchecked,5cd93070e780f24fd659bd26,Lawanda Hinton,79,checked,"Jan 22, 1940 12:47 PM",blue,FR1012047291875162849862108
unchecked,5cd93070be4ccf553e0af7c7,Vickie Travis,77,checked,"Jun 20, 1942 9:32 PM",blue,FR1199354502257696014939173
unchecked,5cd93070ebbca4b2ec00ac26,Kerri Dale,46,checked,"Aug 8, 1973 2:58 PM",blue,LU575356360486581025
unchecked,5cd9307072d4919b92cb035b,Gabriela Lott,72,checked,"Nov 17, 1947 11:50 PM",brown,
unchecked,5cd93070d65c9ea50a3644de,Bernadine Pickett,49,checked,"Apr 17, 1970 8:57 PM",,
unchecked,5cd93070cef656638f3bfead,Kelli Conrad,35,checked,,,LU787170675110333787
unchecked,5cd93070c8f4aa6f6e377efe,Norman Baldwin,61,checked,"Sep 4, 1958 11:37 PM",blue,
unchecked,5cd93070c7f97614c8e69005,Kay Fletcher,84,checked,"Aug 6, 1935 11:37 AM",brown,LU827247729341485041
unchecked,5cd93070442c7573a9b7be25,Walters Duncan,17,unchecked,,brown,FR3632475148160189854641401
unchecked,5cd930702a520f2391148dc7,Isabel Buchanan,38,checked,,,
unchecked,5cd930706fe1a8978d06e5ae,French Haynes,50,checked,,brown,LU331393956916426400
unchecked,5cd9307006d58ea289a879b8,Yvette Black,93,checked,,green,
unchecked,5cd93070dce8beddf45438a7,Teresa Kaufman,49,checked,,,
unchecked,5cd93070923a6f1f9f24d766,Mills Clayton,90,checked,"Apr 24, 1929 2:45 AM",blue,LU680916992472134826
unchecked,5cd93070258132c2ebcf4f24,Scott Maynard,52,checked,,blue,
unchecked,5cd93070e9ce5a9452f4339c,Long Neal,21,checked,"Sep 14, 1998 1:21 AM",,LU606201008610277013
unchecked,5cd930700d34fdebe94bd9c4,Erin Parks,34,checked,"Sep 7, 1985 7:25 AM",brown,LU820731633537539406
unchecked,5cd930708206408e7e8e715e,Nona Charles,31,checked,,green,FR9308216193788291674388177
unchecked,5cd9307069228e5db6eb2f6b,Faye Wyatt,14,unchecked,,,FR0443345290711516370459496
unchecked,5cd9307038a180e8a51117dd,Hickman Hyde,22,checked,"Mar 26, 1997 5:05 PM",brown,LU969496767279913131
unchecked,5cd9307019cfaf01bec8ac8f,Ashley Puckett,14,unchecked,,,LU592287174736440729
unchecked,5cd93070269437924a78e8a2,Bond Silva,29,checked,,green,LU160701149243578494
unchecked,5cd93070c8aead3b67c39788,Caldwell Mcfadden,79,checked,"Jul 20, 1940 4:39 PM",blue,LU361763180160023791
unchecked,5cd9307015516e255cdc1daa,Jolene Shannon,33,checked,"Nov 16, 1986 5:05 PM",,LU145865743622950894
unchecked,5cd930703034358bf24c870a,Rosalie Jefferson,28,checked,,,FR9453698326911305205277613
unchecked,5cd93070eba13848bb3efb42,Kathie Walker,97,checked,"Jul 24, 1922 3:47 PM",green,LU301647578832904657
unchecked,5cd930700ab0d90463ea010f,Doris Stewart,74,checked,"Oct 3, 1945 12:41 PM",,FR1975563087582995763032706
unchecked,5cd93070bd1b299cfbc638d8,Billie Delgado,49,checked,"Jul 7, 1970 10:17 AM",,
unchecked,5cd930706886c93c065db6fa,Lacey Dawson,70,checked,"Mar 23, 1949 7:01 PM",blue,LU646333022221216006
unchecked,5cd9307054ed0fc7ab2fd6c1,Bates Garrett,6,unchecked,,brown,
unchecked,5cd930708e8e37ed69c2a26d,Katherine Freeman,44,checked,,brown,
unchecked,5cd93070659cbc9b1c5a2944,Rhoda Ross,60,checked,"Jul 15, 1959 10:39 PM",,FR6158894371755734135930656
unchecked,5cd93070c40136ea808e0460,Wise Fleming,45,checked,"Oct 13, 1974 9:01 AM",green,
unchecked,5cd930702c92c1753c2294aa,Bradford Pugh,93,checked,"Dec 27, 1926 1:08 PM",,LU796935540822788997
unchecked,5cd9307073e00c14c08328a6,Hewitt Lewis,17,unchecked,"Sep 4, 2002 8:54 AM",blue,
unchecked,5cd93070c3ad8ac8d303d6d6,Farrell Palmer,37,checked,"Dec 3, 1982 12:39 PM",blue,
unchecked,5cd930708d8aa73edd2474ab,Walker Stout,44,checked,"Apr 7, 1975 7:11 AM",,FR2431061087323685033285623
unchecked,5cd930700c59b9285365b928,Harris Paul,17,unchecked,"Mar 8, 2002 9:09 AM",blue,FR6618283254897644365538348
unchecked,5cd93070326e417584dde865,Kathy Macdonald,76,checked,"Feb 3, 1943 6:07 PM",,FR2509983723664896192478029
unchecked,5cd93070ebcfc45ca5bf259e,Malone Thornton,33,checked,,,FR2430847291296123785076986
unchecked,5cd9307008fa47748f13cb5c,Sharlene Ball,85,checked,"Mar 12, 1934 7:06 PM",brown,
unchecked,5cd930706783627ded5f27f0,Angeline Henderson,12,unchecked,,brown,
unchecked,5cd9307077d69ccc8bd77745,Beverley Langley,55,checked,,green,LU069425185064350836
unchecked,5cd9307094c06d663e13dff4,Gertrude Bowers,52,checked,"Dec 19, 1967 10:09 PM",brown,
unchecked,5cd93070b95c4b67169d792b,Salinas Trujillo,94,checked,,green,LU429162255970844083
unchecked,5cd93070d744ec6bdc0fdce3,Noel Mitchell,47,checked,"Aug 5, 1972 8:42 PM",blue,FR2855933159722928095105790
unchecked,5cd93070468cca19af7aaf1c,Cohen Wiggins,75,checked,"Mar 3, 1944 11:34 AM",blue,FR7289566702141278087455508
unchecked,5cd9307040797997ed1b020e,Buckley Riggs,99,checked,"Dec 1, 1920 8:16 AM",green,LU619183679427102849
unchecked,5cd93070e9d85024e1809694,Prince Pope,83,checked,"Nov 28, 1936 10:40 AM",brown,LU326621128704116432
unchecked,5cd930706873e27026bd3ede,Cherie Mayer,93,checked,"Mar 28, 1926 9:11 AM",brown,LU826909466000721941
unchecked,5cd930706b23c917439f3ea7,Sheryl Hogan,29,checked,,brown,
unchecked,5cd930701f83972c93ca9688,Consuelo Rogers,83,checked,"Jul 13, 1936 5:34 PM",green,LU244614616318463532
unchecked,5cd930709346ecfe2685e74d,Georgia Pena,20,checked,"Jan 28, 1999 2:09 PM",green,LU360913647098492983
unchecked,5cd930706727b19ddf5c07e7,Chris Joseph,84,checked,"Jun 9, 1935 2:28 AM",,
unchecked,5cd930700da31a385d38e312,Tanisha Ingram,63,checked,"Aug 1, 1956 12:27 PM",blue,FR3212890975295393791478452
unchecked,5cd93070e79b2664550017ec,Mcmahon Rush,10,unchecked,"Jul 1, 2009 6:57 AM",blue,FR9161691473085104946267068
unchecked,5cd93070b64f38c7508b38c4,Huffman Snow,39,checked,"Aug 8, 1980 9:19 PM",,
unchecked,5cd930703d27d074f5f27237,Zelma Joyner,99,checked,"Aug 13, 1920 6:55 PM",,FR2746445977328533546624207
unchecked,5cd930709ff912039f25e2b5,Bean Santiago,61,checked,"Jun 21, 1958 7:03 AM",green,
unchecked,5cd930701818c2824694eb8a,Fuller Pierce,57,checked,"Feb 19, 1962 8:22 PM",brown,FR9715466628853697773797925
unchecked,5cd930701caecfdd145a692d,Karina May,98,checked,"Sep 23, 1921 1:59 AM",brown,FR4210991749422838053421723
unchecked,5cd930705a4858b17f1fde66,Knight Rose,48,checked,,brown,
unchecked,5cd93070a7faf8674164d7ef,Heidi Butler,30,checked,,green,FR1666584146336096254322008
unchecked,5cd930709200a857f559104c,Sallie Rios,12,unchecked,"Oct 16, 2007 10:09 AM",blue,LU146004694801877681
unchecked,5cd930700753c70e01b61891,Elena Morales,50,checked,"Feb 22, 1969 10:03 PM",green,FR2037568033662084537468922
unchecked,5cd93070d7c1778e029339f5,Pamela Bowen,36,checked,"Sep 12, 1983 8:53 AM",green,
unchecked,5cd9307042a50c594f84c933,Saundra Drake,23,checked,"Jul 21, 1996 3:58 PM",green,
unchecked,5cd930705ecc1d584ef07ec4,Cote Hart,16,unchecked,"Nov 27, 2003 4:13 PM",brown,
unchecked,5cd93070e4b9783b57c1ba9c,Annie Emerson,21,checked,"Nov 24, 1998 3:38 PM",,FR7990772195859414066576070
unchecked,5cd930705edea2945f699b5e,Rodgers Booth,97,checked,"Sep 22, 1922 12:53 PM",brown,FR2510619061835464689973718
unchecked,5cd93070d0eb9ea4777989c2,Tessa Gibson,31,checked,,brown,FR0747502319995470604801717
unchecked,5cd9307011cc2f6d8590b979,Kennedy Burnett,49,checked,"Feb 21, 1970 11:18 AM",blue,FR8716156794384036180116285
unchecked,5cd930708bf42463a0283039,Marissa Brown,36,checked,"Jan 1, 1983 10:30 PM",green,LU563297677843646527
unchecked,5cd930700dd90e84d3e151b2,Madeleine Hopkins,78,checked,,green,
unchecked,5cd93070a248e67a08c21669,Eula Petty,59,checked,,,
unchecked,5cd93070d0a5c14b0b3ac956,Singleton Flowers,10,unchecked,"Mar 16, 2009 2:43 AM",blue,LU607740150334062806
unchecked,5cd930705cbd8f6d04ab9d16,Glenna Camacho,17,unchecked,"Oct 8, 2002 10:05 PM",brown,
unchecked,5cd930702f0a168d5c3f6666,Blankenship Sellers,73,checked,"Jan 10, 1946 12:12 PM",brown,LU598211955321970433
unchecked,5cd930706ce7013664a024e2,Yolanda Morin,61,checked,"Oct 28, 1958 7:22 AM",brown,FR0878789723075208996753888
unchecked,5cd93070ae066751d79010ae,Oliver Cote,91,checked,,blue,LU479909867454465485
unchecked,5cd93070505c4a775d3661c6,Cheri Hatfield,1,unchecked,"Aug 7, 2018 4:36 PM",blue,
unchecked,5cd930707b5c1ab422178a9b,Callie Knowles,43,checked,,blue,LU653129154169401621
unchecked,5cd93070552d8f98d7f442c0,Gayle Hendrix,25,checked,"Jul 1, 1994 6:47 AM",,LU461318665783437917
unchecked,5cd93070e6ea78e10dd2829e,Kaye Blanchard,26,checked,"Oct 17, 1993 2:21 PM",,FR7059270556948983208147080
unchecked,5cd9307027acd75ec86ab786,Haynes Patel,12,unchecked,"Jul 12, 2007 4:59 PM",,FR7667945711431730009893769
unchecked,5cd930705f69450baab33180,Cameron Lowe,82,checked,"Dec 15, 1937 6:50 PM",brown,
unchecked,5cd93070178f57ab1a4c5a23,Candice Kinney,92,checked,,,
unchecked,5cd930706e07a3f981f104ca,Ann Koch,57,checked,"Jul 10, 1962 11:33 PM",green,FR8497535366510769905832962
unchecked,5cd9307086a8b6382260aa6f,Gillespie Villarreal,24,checked,"Apr 22, 1995 8:17 PM",,LU294789377681539994
unchecked,5cd93070a21bd872ee53de11,Strong Day,59,checked,"Oct 8, 1960 11:20 PM",,
unchecked,5cd9307092ba26b9361501fb,Ines Nunez,52,checked,,,LU785346793226174187
unchecked,5cd93070b0704cf74fe19c74,Ronda Miller,14,unchecked,,blue,LU637646211160081420
unchecked,5cd93070df704379466fe038,Harriet Holt,79,checked,,,
unchecked,5cd93070b0017e6a4e023c0b,Nichole Collier,15,unchecked,"Nov 16, 2004 10:46 PM",,LU560592107624763768
unchecked,5cd93070aad0e54fea6c47ca,Macias Green,74,checked,"Jan 19, 1945 10:30 AM",brown,
unchecked,5cd930703595d27da084d820,Monica Mcintosh,83,checked,"May 13, 1936 3:22 PM",,LU954022571928862030
unchecked,5cd930703bfc38a029e6bd6e,Deborah Cummings,64,checked,"Sep 9, 1955 9:45 AM",,
unchecked,5cd930705a751105d410bbc8,Karin Matthews,86,checked,,green,
unchecked,5cd93070514416ced15dc9d3,Celina Calderon,70,checked,,blue,LU780240942393417360
unchecked,5cd93070f188edc4eeacfb63,Bullock Webster,20,checked,"Nov 13, 1999 9:21 PM",blue,LU599856279791094201
unchecked,5cd9307019a1ba5d662111da,Anastasia Melendez,74,checked,"Mar 20, 1945 1:39 AM",blue,FR2103648699252851546907388
unchecked,5cd93070936ebbae6eecd0c3,Anne Rollins,73,checked,"Nov 1, 1946 9:20 PM",brown,LU789327401488149413
unchecked,5cd930702e2f39fc40189416,Houston Coffey,33,checked,"Jan 28, 1986 3:16 PM",green,
unchecked,5cd9307082cf4195e23b28e6,Frazier Graves,45,checked,,blue,LU331705952363860953
unchecked,5cd9307094d3da2cae0611cf,Angelica Perez,41,checked,,green,
unchecked,5cd93070c453cc798131c001,Daniel Mckay,56,checked,"Apr 18, 1963 3:50 AM",green,LU879796364280136567
unchecked,5cd930706b859b179fa9aaa7,Santiago Burke,64,checked,"Apr 12, 1955 7:23 AM",green,LU257036917152459011
unchecked,5cd93070e9164aa8dd96519d,Tucker Dotson,97,checked,"Jan 11, 1922 3:52 AM",blue,
unchecked,5cd93070fe790c88cce35706,Boyer Blackwell,89,checked,"Apr 11, 1930 1:34 AM",blue,LU211016073226121732
unchecked,5cd93070050ce6340e9efdc1,Jamie Dejesus,79,checked,"Feb 8, 1940 7:10 AM",,
unchecked,5cd930709a58c0be85f76477,Bertie Craig,82,checked,"Jul 11, 1937 10:14 PM",brown,LU846536744635158591
unchecked,5cd9307025d5acb0855a8cd2,Bowman Branch,85,checked,"Jul 14, 1934 2:19 AM",,LU386184781447637993
unchecked,5cd9307031e999d51f34415e,Hunter Armstrong,98,checked,,brown,LU733539284498886023
unchecked,5cd93070dfdd138bf2819949,Watson Bartlett,51,checked,"Sep 12, 1968 1:49 PM",brown,FR2368255715694416819345886
unchecked,5cd9307070dd461caef19425,Dodson Key,17,unchecked,"Jul 14, 2002 4:28 AM",green,LU959997025492044319
unchecked,5cd93070f4baa42a96c2cda0,Gwendolyn Hayes,67,checked,"Mar 19, 1952 12:48 PM",,FR7864390453693116955669550
unchecked,5cd930706cebefe759565228,Carroll Singleton,37,checked,,green,FR3314208860874477657210954
unchecked,5cd930701bab907557c8fcf6,Merrill Kirby,25,checked,"Apr 10, 1994 10:50 AM",,LU969825902400876770
unchecked,5cd93070336aa33263ae90ce,Melendez Mcgowan,47,checked,,,FR8011122305624602652889884
unchecked,5cd930702690f12d7be99eb2,Osborne Floyd,98,checked,"Oct 19, 1921 4:17 PM",blue,FR8824610681959589554823505
unchecked,5cd9307036da507417b39a4c,Ochoa Bender,36,checked,"Dec 1, 1983 9:14 AM",green,FR4496428058800109910203646
unchecked,5cd93070a805908ddd088c2f,Brandie Yang,98,checked,"Apr 26, 1921 8:44 AM",brown,FR5838601124948588022624710
unchecked,5cd9307048831e5fcfb2e622,Reilly Cobb,74,checked,"Dec 7, 1945 8:15 PM",brown,LU289708596800601753
unchecked,5cd93070427741cefbcb5c95,Le Gomez,32,checked,"Apr 4, 1987 7:25 PM",brown,
unchecked,5cd93070746c626533044522,Wooten Vazquez,10,unchecked,,brown,
unchecked,5cd930708874f7504e9e7649,Lidia Sharp,88,checked,,brown,LU658277651273148307
unchecked,5cd93070e389d507d0ed2d00,Coleen Mack,19,checked,"Oct 16, 2000 5:30 AM",green,
unchecked,5cd93070eeb5f74927644485,Patty Marshall,45,checked,"Dec 23, 1974 7:58 PM",,LU413976111099634460
unchecked,5cd93070b52f3437d2e882f8,Guerrero Conway,17,unchecked,"Feb 24, 2002 10:56 PM",blue,FR4162808633167023660716181
unchecked,5cd930705e1fa0f7469d7676,Sparks Cruz,62,checked,"Aug 10, 1957 8:51 PM",brown,
unchecked,5cd9307088632f06d7c53a58,Massey Adams,15,unchecked,"Nov 22, 2004 6:19 PM",brown,
unchecked,5cd93070d4625273517102b8,Mindy Buckner,67,checked,,blue,
unchecked,5cd9307096a94e92b23ecfff,Juliana Foster,38,checked,"Mar 27, 1981 2:47 PM",brown,FR8062580619296310108458717
unchecked,5cd93070d7f16abde8c0917e,Polly Lester,57,checked,"Mar 25, 1962 4:10 PM",brown,LU948929552829173340
unchecked,5cd93070985c74a0c198e14f,Lawrence Brooks,16,unchecked,,blue,LU313752088249158129
unchecked,5cd930705147bbc0e7b4131f,Sawyer Holloway,83,checked,"Mar 21, 1936 6:46 PM",brown,
unchecked,5cd9307070226560cd7f9c10,Kristy Snyder,22,checked,"Feb 2, 1997 3:15 PM",,LU978016840917248973
unchecked,5cd930702d3896ed14964414,Ortega Galloway,48,checked,"Jan 24, 1971 3:02 AM",,FR8907169334658078935718234
unchecked,5cd93070c2298ce5437ca35c,Wilda Dorsey,64,checked,"Dec 5, 1955 10:08 AM",green,FR7115262822316284572362987
unchecked,5cd93070f210587063bd142f,Eugenia Washington,44,checked,"May 16, 1975 6:47 PM",,
unchecked,5cd930700e18de5e1b9fbaf1,Espinoza Kirkland,4,unchecked,,brown,LU105079486996533668
unchecked,5cd93070e468e87b400c127f,Landry Dean,88,checked,"Aug 13, 1931 4:02 AM",brown,FR4749210589760700824683758
unchecked,5cd93070e044d469a0130e70,Randi West,32,checked,"Oct 13, 1987 2:10 AM",green,
unchecked,5cd930702a54972ea7749a80,Lakisha Ray,43,checked,"Jan 8, 1976 8:13 AM",brown,LU743981171583524501
unchecked,5cd93070cb91bfd303086234,Ofelia Sykes,65,checked,"Jun 11, 1954 7:14 AM",,LU681666858967053618
unchecked,5cd93070df5f46457f2f5572,Levine Jensen,39,checked,"Apr 28, 1980 11:28 PM",blue,LU909214617749885302
unchecked,5cd930700f9e6b5143daa9ba,Gonzalez Miranda,52,checked,"Jun 1, 1967 11:49 PM",green,FR9400176053581926387125202
unchecked,5cd930705da0d5766ee883b2,Charlotte Orr,28,checked,"Dec 7, 1991 5:34 AM",brown,
unchecked,5cd9307074332e09860cebb9,Roslyn Arnold,79,checked,,green,FR7693680635423162291255574
unchecked,5cd93070b71ccf2dcb821565,Janna Bush,97,checked,"Sep 23, 1922 1:07 AM",brown,LU013168110782019392
unchecked,5cd93070cdd8bfc2e9b490f8,Susana Greene,59,checked,"Jan 27, 1960 6:53 PM",,LU868876317601451846
unchecked,5cd93070373e5164ad2a34ec,Jo Santos,92,checked,"Dec 8, 1927 3:59 AM",blue,
unchecked,5cd930704cccc055923e0186,Adeline Ferrell,79,checked,"Mar 2, 1940 5:55 AM",blue,LU265118353822833916
unchecked,5cd9307040d5c41c941a0015,Doyle Hahn,13,unchecked,,green,LU469138779320525578
unchecked,5cd93070d88d1199e3c9e0e1,Antoinette Robertson,87,checked,,green,LU777402279216074806
unchecked,5cd93070cdeb44c9ac230f16,Holden Erickson,2,unchecked,"Jul 5, 2017 9:20 PM",brown,LU671664856753141258
unchecked,5cd9307062b53ee870dc5b73,Jerri Reilly,48,checked,,brown,LU923755005984079929
unchecked,5cd930706bf40150f242500c,Pansy Donaldson,17,unchecked,,brown,FR6595613139914070225936195
unchecked,5cd93070dd007d85a9f45772,Atkins Estes,70,checked,"Apr 26, 1949 10:09 AM",,
unchecked,5cd9307074a0eb144f101293,Potts Kent,12,unchecked,"Jun 7, 2007 4:52 AM",green,FR3854117481804005075849827
unchecked,5cd930707b6841666a8c2028,Dalton Hughes,38,checked,"Apr 26, 1981 10:24 AM",,LU948261648900043817
unchecked,5cd93070c3a8989a5f1eab6f,Taylor Dyer,86,checked,"Oct 21, 1933 3:03 PM",brown,LU112889286961727862
unchecked,5cd93070eeec9d33a33c3f4e,Estrada Deleon,58,checked,"Dec 11, 1961 5:54 AM",brown,LU500984715066455600
unchecked,5cd930705a53323b5076f8fe,Leila Sampson,85,checked,"Aug 9, 1934 6:08 PM",brown,FR2599393636698278952463966
unchecked,5cd93070968c7e8a829ad07e,Lila Rodriguez,36,checked,"Jan 18, 1983 9:12 PM",brown,LU579223735167159151
unchecked,5cd930704adbe9c56f90b382,Karen Albert,89,checked,"Dec 10, 1930 9:54 PM",,
unchecked,5cd93070721c8c168ad4e1d6,Koch Clements,32,checked,"Apr 20, 1987 11:50 PM",brown,FR8122459372168129634196127
unchecked,5cd93070f4d8c1117f72917f,Newton Wright,25,checked,"Nov 4, 1994 6:53 AM",brown,FR1734573666124409059396721
unchecked,5cd9307089dc39671b8c58d4,Tracy Levy,55,checked,,brown,FR2320363173574360931101331
unchecked,5cd930708e7bb822ca1971f5,Lindsay Bray,44,checked,"May 21, 1975 1:55 PM",,FR1273212846205819082202420
unchecked,5cd93070cace4b4c0d50096e,Nannie Olsen,14,unchecked,"Oct 17, 2005 1:53 PM",,LU360044886333579631
unchecked,5cd93070f277921e752d4ac3,Melinda Best,94,checked,,brown,FR5633406034254952563931702
unchecked,5cd93070b1f8b04c53182113,Allison Hamilton,77,checked,"Nov 11, 1942 5:10 AM",brown,
unchecked,5cd930707349d6ab98d469f8,Henry Velazquez,80,checked,"Mar 14, 1939 2:04 PM",brown,
unchecked,5cd93070382bc33048436c70,Lorraine Whitley,38,checked,"Feb 3, 1981 2:50 AM",blue,FR4469563147283547705793171
unchecked,5cd9307029e6397aa83cc3a7,Frankie Holcomb,95,checked,"Apr 27, 1924 6:45 AM",blue,LU141723211591294227
unchecked,5cd930705de956e7ae6d331c,Rosalyn Mejia,84,checked,"Nov 17, 1935 1:40 PM",blue,
